洪荒之我有千万亿功德,奇幻玄幻,6.6万,3,3.0万
主神乐园,科幻游戏,11.4万,1863,3.0万
寂灭霸主,奇幻玄幻,342.6万,26,3.0万
神豪从消费百亿开始,都市娱乐,1.5万,1344,3.0万
逐恒,奇幻玄幻,113.6万,3741,3.0万
我真的很猛,奇幻玄幻,48.9万,1926,3.0万
一世道尊,奇幻玄幻,37.3万,442,3.0万
我有一个反咸鱼系统,奇幻玄幻,111.6万,24,3.0万
网游之我是超级大反派,科幻游戏,79.5万,48,3.0万
我有一把诛仙剑,奇幻玄幻,32.6万,169,3.0万
天道剑尊,武侠仙侠,55.5万,3075,3.0万
带着天庭闯末世,科幻游戏,49.8万,706,3.0万
魔铠时代,科幻游戏,111.9万,4341,3.0万
锦衣月明,历史军事,88.4万,6139,3.0万
受害者不会整活儿可不行,奇幻玄幻,20.9万,1865,3.0万
龙王赘婿,都市娱乐,87.1万,89,3.0万
逍遥虫王,奇幻玄幻,4.9万,869,3.0万
天阴眼,都市娱乐,90.0万,2313,3.0万
天使战疫,都市娱乐,6.1万,67,3.0万
未来之我真是名人,科幻游戏,213.1万,57,3.0万
三界论道,武侠仙侠,79.0万,2680,3.0万
血越九天,奇幻玄幻,56.4万,413,3.0万
无敌神国,奇幻玄幻,51.5万,1998,3.0万
我本流氓,奇幻玄幻,4,1968,3.0万
夏都,奇幻玄幻,123.0万,109,2.9万
都市之绝代仙尊,都市娱乐,55.2万,208,2.9万
人间正气,悬疑灵异,95.9万,2561,2.9万
大宝剑,武侠仙侠,250.5万,1618,2.9万
暗夜晨曦,奇幻玄幻,58.2万,1455,2.9万
我在修仙世界搞科技,武侠仙侠,98.4万,984,2.9万
蛊毒医仙,历史军事,133.0万,1674,2.9万
魔灵纪元,奇幻玄幻,244.4万,57,2.9万
弥谎记,奇幻玄幻,8.2万,2631,2.9万
血脉之瞳,武侠仙侠,55.1万,135,2.9万
木皇经,奇幻玄幻,3000,0,2.9万
异能制造,都市娱乐,63.6万,2267,2.9万
善恶裁决者,都市娱乐,14.0万,2144,2.9万
抱着日记去重生,都市娱乐,51.8万,475,2.9万
灭世元年,科幻游戏,80.3万,1193,2.9万
万界陨灭,都市娱乐,73.6万,2658,2.9万
我成了小说反派,奇幻玄幻,8.2万,6,2.9万
重生之逍遥渔夫,都市娱乐,17.7万,0,2.9万
一剑独尊与我有一剑自写番外,奇幻玄幻,3.9万,38,2.9万
八荒圣王,奇幻玄幻,75.8万,1138,2.9万
草木愚夫,都市娱乐,45.0万,1554,2.9万
神庭,奇幻玄幻,101.1万,1545,2.9万
元始魔域,奇幻玄幻,118.7万,1496,2.9万
八荒剑尊,奇幻玄幻,29.8万,907,2.9万
双子吉家,武侠仙侠,19.8万,2159,2.9万
一世天尊,奇幻玄幻,328.1万,207,2.9万
我的大明帝国,历史军事,16.2万,22,2.9万
我和鬼怪有个约定,悬疑灵异,58.4万,2390,2.9万
都市之诸天系统,都市娱乐,89.8万,175,2.9万
树妖滚滚辟仙途,武侠仙侠,128.8万,2381,2.9万
北寒剑帝,奇幻玄幻,26.2万,3494,2.9万
无上帝道,奇幻玄幻,27.2万,3497,2.9万
长安十日,武侠仙侠,53.1万,0,2.9万
矿坑里的大帝,奇幻玄幻,168.0万,233,2.9万
都市之巅峰至尊,都市娱乐,45.4万,171,2.9万
红楼后传,奇幻玄幻,72.3万,10,2.9万
出马,悬疑灵异,44.3万,50,2.9万
魔蚊召唤师,奇幻玄幻,67.3万,375,2.9万
报复系统,都市娱乐,66.6万,1225,2.9万
汉中崛起,历史军事,60.1万,55,2.9万
清梦大帝,奇幻玄幻,33.8万,2231,2.9万
飞驰岁月,都市娱乐,72.0万,2880,2.9万
黄,武侠仙侠,108.4万,710,2.9万
我在幽域做神司,奇幻玄幻,36.2万,4608,2.9万
人生回档,都市娱乐,23.7万,1907,2.9万
绝世龙主,武侠仙侠,126.3万,493,2.9万
天古战纪,奇幻玄幻,95.2万,2527,2.9万
我在火星那些年,科幻游戏,390.2万,439,2.9万
惊悚博物馆,科幻游戏,152.3万,256,2.9万
青袍道士,奇幻玄幻,150.5万,0,2.9万
量劫证道,奇幻玄幻,77.7万,1961,2.9万
蓬莱学院,奇幻玄幻,21.1万,13,2.9万
华夏鼎世,历史军事,481.1万,1736,2.9万
末日无生,悬疑灵异,53.3万,417,2.9万
尧光志,武侠仙侠,21.6万,1000,2.9万
山贼修仙记,武侠仙侠,90.4万,665,2.9万
紫月剑云,武侠仙侠,67.9万,2237,2.9万
圣斗士之魂,二次元,8.7万,2733,2.9万
影弑,都市娱乐,6.4万,819,2.9万
生死圣主,奇幻玄幻,68.4万,624,2.8万
长生仙尊,奇幻玄幻,6.2万,2525,2.8万
星之辰星辰耀世,奇幻玄幻,2.3万,1350,2.8万
末墟,科幻游戏,61.1万,1127,2.8万
我的老婆是阎王,悬疑灵异,89.1万,1512,2.8万
半妖仙祖,奇幻玄幻,99.9万,1845,2.8万
都市之修仙归来,都市娱乐,23.3万,37,2.8万
先驱旗,二次元,28.7万,164,2.8万
九州山海志,武侠仙侠,8.0万,1101,2.8万
未来猎杀者,科幻游戏,73.0万,1510,2.8万
都市之最强修仙高手,都市娱乐,78.2万,11,2.8万
是男人就知难而上吧,都市娱乐,24.6万,2836,2.8万
魔法原典,奇幻玄幻,103.1万,2147,2.8万
重生之大文娱,都市娱乐,72.6万,132,2.8万
自幽冥归来,奇幻玄幻,76.1万,290,2.8万
永恒元年,武侠仙侠,70.5万,1038,2.8万
武极青冥,奇幻玄幻,113.2万,649,2.8万
创仙战纪,武侠仙侠,44.1万,2564,2.8万
如果时光倒流,奇幻玄幻,235.2万,30,2.8万
莽荒领主,奇幻玄幻,36.7万,2041,2.8万
尘海夺剑录,武侠仙侠,10.4万,1866,2.8万
惊芸传,武侠仙侠,155.9万,5074,2.8万
元,奇幻玄幻,94.8万,303,2.8万
山海伏世录,奇幻玄幻,29.6万,2444,2.8万
争霸南明,历史军事,7.2万,260,2.8万
异世界之龙神传说,奇幻玄幻,10.1万,7516,2.8万
荒灵诡记,奇幻玄幻,34.6万,1127,2.8万
神明九炼,武侠仙侠,43.6万,1019,2.8万
天命道仙,奇幻玄幻,49.1万,3499,2.8万
圣尊之门,奇幻玄幻,138.3万,5346,2.8万
我有神仙技能,都市娱乐,172.0万,15,2.8万
盗墓险途,悬疑灵异,137.8万,980,2.8万
仙界太子当掌门,武侠仙侠,12.2万,529,2.8万
原子的星空,奇幻玄幻,39.5万,2291,2.8万
剑起长夜,武侠仙侠,23.2万,354,2.8万
伊,都市娱乐,5.5万,420,2.8万
剑起九州,奇幻玄幻,71.2万,1315,2.8万
穿越我是大反派,奇幻玄幻,66.9万,678,2.8万
钓溟,奇幻玄幻,46.0万,2738,2.8万
诛天劫,武侠仙侠,251.7万,1495,2.8万
神兽召唤系统,奇幻玄幻,57.6万,339,2.8万
我是万古第一天才,奇幻玄幻,47.5万,1816,2.8万
都市最强世家,都市娱乐,51.7万,650,2.8万
源神觉醒,奇幻玄幻,39.5万,914,2.8万
家里蹲五年后我踏上了征程,二次元,68.4万,379,2.8万
百无禁忌,悬疑灵异,51.2万,557,2.8万
巅峰审判者,奇幻玄幻,84.9万,1223,2.8万
汉贼开局,历史军事,30.1万,1938,2.8万
羁绊之欧布奥特曼,竞技同人,77.5万,32,2.8万
大夏人皇,奇幻玄幻,25.8万,458,2.8万
侠女无处躲,武侠仙侠,27.1万,55,2.8万
万域仙主,武侠仙侠,150.0万,1454,2.8万
异界旅行日志,二次元,254.9万,1288,2.8万
夏尔帝国,奇幻玄幻,7.0万,2502,2.8万
大贵族的奇幻商铺,奇幻玄幻,64.5万,1341,2.8万
秦京小吏,武侠仙侠,74.5万,389,2.8万
毁天屠帝,武侠仙侠,52.9万,2766,2.8万
道则书,都市娱乐,147.9万,5,2.8万
圣道无极路,奇幻玄幻,46.2万,825,2.8万
无限之轮回曙光,科幻游戏,118.7万,837,2.8万
阴阳契,奇幻玄幻,52.5万,348,2.8万
仙门主宰,奇幻玄幻,278.9万,58,2.7万
造骨,奇幻玄幻,93.3万,1088,2.7万
您的神龙已发货,奇幻玄幻,311.5万,2078,2.7万
凡中仙,都市娱乐,100.3万,3069,2.7万
鱼谣,科幻游戏,10.8万,2180,2.7万
大唐龙帝,历史军事,295.6万,67,2.7万
证道红尘间,武侠仙侠,85.1万,6748,2.7万
世间无仙,武侠仙侠,47.3万,1356,2.7万
剑气将近,奇幻玄幻,76.0万,726,2.7万
九界剑君,奇幻玄幻,95.6万,1026,2.7万
我家马桶通万界,都市娱乐,93.9万,83,2.7万
都市全能战神,都市娱乐,29.6万,702,2.7万
山海龙皇,都市娱乐,65.0万,205,2.7万
苍天为上,武侠仙侠,2.5万,1330,2.7万
开局成为真祖,二次元,73.6万,499,2.7万
玄幻之全能至尊,奇幻玄幻,100.2万,5700,2.7万
痞子风水师,都市娱乐,31.1万,9291,2.7万
崛起南美洲,历史军事,35.3万,672,2.7万
原生之地,科幻游戏,216.5万,3276,2.7万
重生掌控人生,都市娱乐,36.3万,0,2.7万
绯闻实习生,都市娱乐,14.4万,2149,2.7万
大明星爱上我,都市娱乐,34.2万,11,2.7万
巨人的大航海时代,二次元,69.0万,263,2.7万
荡魔封仙,奇幻玄幻,41.1万,2269,2.7万
此为仙途,奇幻玄幻,62.4万,1196,2.7万
道落凡尘,奇幻玄幻,91.2万,2265,2.7万
最后一个剑仙,武侠仙侠,61.2万,523,2.7万
大炼师,武侠仙侠,83.0万,5727,2.7万
我的万界手机,科幻游戏,114.5万,4260,2.7万
攻略美女上司,都市娱乐,71.6万,18,2.7万
荣耀大唐,历史军事,73.5万,811,2.7万
大荒起剑人,武侠仙侠,72.3万,1075,2.7万
超自然时代,奇幻玄幻,152.7万,1535,2.7万
盛唐纵横,历史军事,54.2万,638,2.7万
在修真界的悠闲生活,武侠仙侠,59.2万,584,2.7万
红尘小仙,武侠仙侠,61.1万,1639,2.7万
命气,都市娱乐,89.6万,3478,2.7万
从血族始祖开始,奇幻玄幻,95.6万,335,2.7万
游方大先生,悬疑灵异,17.4万,2035,2.7万
我真没想当渣男,都市娱乐,18.9万,10,2.7万
冲吧大魔王,奇幻玄幻,26.9万,707,2.7万
灵能时代,都市娱乐,42.6万,1487,2.7万
怪谈异闻录,悬疑灵异,29.0万,751,2.7万
世界星魂,都市娱乐,421.5万,484,2.7万
双阳,武侠仙侠,3.0万,16,2.7万
举世争仙,武侠仙侠,116.4万,1193,2.7万
书符咒水,都市娱乐,8.0万,2376,2.7万
紫府神宫,武侠仙侠,39.9万,2839,2.7万
我的九零年代,都市娱乐,89.3万,201,2.7万
称霸三国从出走江东开始,历史军事,46.9万,56,2.7万
帝国之星,历史军事,106.2万,87,2.7万
修仙从无敌开始,武侠仙侠,11.3万,1970,2.7万
超体进化,科幻游戏,92.2万,148,2.7万
神海星浮,武侠仙侠,46.6万,2364,2.7万
无尽修仙,武侠仙侠,59.0万,766,2.7万
坠凡仙,武侠仙侠,57.1万,1813,2.7万
上世今生,二次元,12.3万,2309,2.7万
向往的生活之娱乐全能,都市娱乐,13.6万,1,2.7万
万界烽烟,奇幻玄幻,14.5万,1318,2.7万
网游之混沌御主,科幻游戏,99.1万,180,2.7万
大道逆行,奇幻玄幻,117.7万,162,2.6万
游戏王之英雄降临,竞技同人,56.8万,162,2.6万
末世致命进化,科幻游戏,25.7万,1012,2.6万
万古神记,奇幻玄幻,22.5万,6086,2.6万
相逢少年时,都市娱乐,53.9万,2683,2.6万
代号零号,二次元,88.2万,442,2.6万
国医太子,奇幻玄幻,15.3万,1.8万,2.6万
大隋天宝传,历史军事,111.5万,1212,2.6万
赘婿也疯狂,都市娱乐,18.7万,1607,2.6万
一剑齐天,武侠仙侠,50.1万,2557,2.6万
都市红尘任逍遥,都市娱乐,7.2万,766,2.6万
我不想成仙啊,都市娱乐,21.6万,822,2.6万
修星者,奇幻玄幻,139.9万,2469,2.6万
恶灵酒店,悬疑灵异,42.9万,487,2.6万
谁说我不会修仙,都市娱乐,237.2万,171,2.6万
悬镜之上,奇幻玄幻,96.9万,1377,2.6万
我在西游当圣人,二次元,91.8万,1,2.6万
梦境之灾,奇幻玄幻,43.1万,2425,2.6万
时域领主,奇幻玄幻,193.6万,1125,2.6万
我有无数机缘,奇幻玄幻,111.4万,1916,2.6万
捕天图录,奇幻玄幻,282.5万,1200,2.6万
百脉千修,武侠仙侠,140.4万,196,2.6万
回到南宋我为王,历史军事,66.1万,573,2.6万
轮回之仙帝归来,奇幻玄幻,143.5万,2080,2.6万
惊天大逆袭,奇幻玄幻,13.9万,227,2.6万
征战,竞技同人,26.5万,3,2.6万
雷霆立道,武侠仙侠,106.1万,950,2.6万
拿把激光枪穿越到古代,历史军事,64.4万,1357,2.6万
造化师祖,奇幻玄幻,346.9万,1271,2.6万
太古域主,奇幻玄幻,7.6万,660,2.6万
焚碎天域,武侠仙侠,92.1万,838,2.6万
极武仙道,奇幻玄幻,99.6万,1445,2.6万
九混天,奇幻玄幻,182.2万,489,2.6万
执魔传,奇幻玄幻,2049,0,2.6万
这绝对是宝可梦,二次元,78.0万,21,2.6万
我从精神病院开始修炼,都市娱乐,34.6万,0,2.6万
昭魂令,奇幻玄幻,102.1万,947,2.6万
史上最牛老师,历史军事,62.8万,331,2.6万
异世的修仙者,奇幻玄幻,16.6万,662,2.6万
我有无限护盾,奇幻玄幻,144.4万,469,2.6万
不灭神魂,奇幻玄幻,199.4万,455,2.6万
逆荒之路,科幻游戏,24.3万,1524,2.6万
最强唤兽师,奇幻玄幻,74.1万,123,2.6万
火影,二次元,55.2万,20,2.6万
我就是天阶,奇幻玄幻,73.0万,2459,2.6万
宋别,历史军事,66.6万,1201,2.6万
非凡古董专家,都市娱乐,56.8万,684,2.6万
六界帝主,武侠仙侠,20.1万,1892,2.6万
陌上幽兰,奇幻玄幻,54.2万,2143,2.6万
都市之提取系统,都市娱乐,44.8万,930,2.6万
大明职场,历史军事,63.6万,416,2.6万
武圣祖,奇幻玄幻,107.2万,730,2.6万
元灵之祖,奇幻玄幻,158.2万,642,2.6万
陪着地府搞事情,奇幻玄幻,107.0万,2396,2.6万
十方演义,奇幻玄幻,53.1万,931,2.6万
南唐大官人,历史军事,60.6万,129,2.6万
开局就成神的我怎么输,二次元,41.6万,738,2.6万
战国蛟龙,历史军事,59.1万,1874,2.6万
灵魂交换器,科幻游戏,5.3万,51,2.6万
女宗男门徒,武侠仙侠,41.3万,1192,2.6万
筑宋,历史军事,127.0万,1037,2.6万
乱话西游,奇幻玄幻,106.5万,7903,2.6万
最强都市打脸系统,都市娱乐,58.9万,78,2.6万
大明枭臣,历史军事,42.5万,452,2.6万
战无止境,奇幻玄幻,10.8万,3004,2.6万
怪物来袭,都市娱乐,100.4万,994,2.6万
重生成邪神雕像,奇幻玄幻,117.7万,1575,2.6万
修行狂徒,武侠仙侠,34.8万,1385,2.6万
某仙界的次品商店,奇幻玄幻,25.2万,690,2.6万
僵途,奇幻玄幻,5.6万,2142,2.6万
唐朝极品家丁,历史军事,28.0万,67,2.6万
剑啸仙宗,武侠仙侠,170.2万,944,2.6万
穿越之僵尸大战植物,竞技同人,55.8万,250,2.6万
妖行志,武侠仙侠,61.2万,2821,2.6万
万辰之始,奇幻玄幻,16.0万,5007,2.6万
开局接手一家镖局,武侠仙侠,23.9万,1518,2.6万
一个人的刀,武侠仙侠,77.6万,52,2.6万
网游之全能魔术师,科幻游戏,46.1万,54,2.5万
浮华千重,奇幻玄幻,311.0万,241,2.5万
随身一个桃花源,都市娱乐,44.1万,16,2.6万
我在玄幻世界抓鬼,奇幻玄幻,59.3万,2468,2.5万
天盗有缺,武侠仙侠,37.7万,2239,2.5万
巨兽废土,科幻游戏,87.4万,777,2.5万
神豪剑尊,都市娱乐,23.0万,354,2.5万
网游之混沌刀皇,科幻游戏,89.3万,763,2.5万
冥道戌天,奇幻玄幻,20.9万,816,2.5万
春秋一统,历史军事,32.1万,1925,2.5万
莽夫很凶残,都市娱乐,103.1万,91,2.5万
浩天神王,奇幻玄幻,172.7万,4743,2.5万
取鬼,奇幻玄幻,0,1087,2.5万
诸天,奇幻玄幻,16.8万,640,2.5万
悬棺,悬疑灵异,210.9万,35,2.5万
灵气复苏之暴力法神,奇幻玄幻,81.8万,1129,2.5万
我在缉仙局工作那些年,都市娱乐,84.2万,974,2.5万
禁忌崛起,奇幻玄幻,69.2万,540,2.5万
重生物理大时代,历史军事,32.7万,299,2.5万
捡来的豪婿,都市娱乐,99.8万,232,2.5万
时之影刃,都市娱乐,92.0万,764,2.5万
乾坤清胤,武侠仙侠,167.1万,1.5万,2.5万
末日尸国,科幻游戏,135.6万,119,2.5万
神秘图书馆,都市娱乐,172.2万,78,2.5万
修仙没有系统怎么行,武侠仙侠,110.9万,498,2.5万
仙王的都市传说,都市娱乐,41.9万,2104,2.5万
好感度刷满之后,武侠仙侠,4168,0,2.5万
爱欲人间,都市娱乐,47.1万,2,2.5万
网游之黑暗神话,科幻游戏,67.9万,686,2.5万
少年神相,悬疑灵异,91.6万,619,2.5万
开局成为一宗之主,奇幻玄幻,34.7万,43,2.5万
悟道三国,武侠仙侠,58.7万,5766,2.5万
腥甜序章,奇幻玄幻,7922,2143,2.5万
科学的魔法世界,奇幻玄幻,7.4万,2040,2.5万
我只想单身啊,都市娱乐,14.2万,332,2.5万
离伤记,都市娱乐,11.5万,120,2.5万
凌天道尊,武侠仙侠,49.3万,1063,2.5万
玄踏九天,奇幻玄幻,85.0万,520,2.5万
生灵王,科幻游戏,21.1万,610,2.5万
总裁宝婿,都市娱乐,112.6万,283,2.5万
银河漂流之毁灭,科幻游戏,20.6万,2215,2.5万
伏妖,奇幻玄幻,38.3万,1548,2.5万
轮回两千年后,武侠仙侠,36.1万,437,2.5万
从群演开始制霸娱乐圈,都市娱乐,37.7万,520,2.5万
超神学院之银甲,竞技同人,9.1万,0,2.5万
仙途长生路,武侠仙侠,13.5万,76,2.5万
变形金刚之火种重启,科幻游戏,180.4万,37,2.5万
遗失风帝,奇幻玄幻,169.8万,657,2.5万
绝世长安,武侠仙侠,392.6万,2367,2.5万
我是东晋刘寄奴,历史军事,64.6万,743,2.5万
杯中酒眼中泪,都市娱乐,4.1万,2092,2.5万
修仙狠人,武侠仙侠,103.9万,846,2.5万
修仙界创业,武侠仙侠,28.3万,1450,2.5万
午夜都市清洁工,都市娱乐,89.8万,3930,2.5万
末日技能怪,科幻游戏,23.6万,95,2.5万
天心印,武侠仙侠,114.5万,3121,2.5万
超能大叔,都市娱乐,19.8万,95,2.5万
陈北玄,武侠仙侠,4,0,2.5万
我的世界可通天,都市娱乐,75.6万,480,2.5万
开元雷尊,奇幻玄幻,243.2万,1911,2.5万
三国之玺传天下,历史军事,30.8万,2026,2.5万
灭世刀圣,奇幻玄幻,0,669,2.5万
六道神王,武侠仙侠,72.9万,543,2.5万
三千道藏,武侠仙侠,106.3万,513,2.5万
我真没想当月老啊,奇幻玄幻,46.8万,3147,2.5万
罗霄山,武侠仙侠,18.1万,1294,2.5万
新绝代双骄,都市娱乐,3.2万,0,2.5万
不灭明王,武侠仙侠,129.9万,1388,2.5万
御灵之王,奇幻玄幻,90.8万,510,2.5万
网游之废材职业,科幻游戏,64.1万,295,2.5万
阴阳尸,悬疑灵异,30.0万,366,2.5万
帝尊在都市,都市娱乐,266.3万,11,2.5万
火影之新生,二次元,58.1万,20,2.5万
重生之木剑传奇,奇幻玄幻,39.3万,1057,2.5万
综合世界大穿越,武侠仙侠,43.2万,340,2.5万
都市之极品金瞳,都市娱乐,25.7万,60,2.5万
我有一颗万宝树,奇幻玄幻,113.9万,326,2.5万
欲求仙记,奇幻玄幻,6.4万,185,2.5万
西城诀,都市娱乐,6.6万,875,2.5万
仗剑而行,武侠仙侠,142.2万,1703,2.5万
我在聊斋世界封妖驱鬼,奇幻玄幻,27.7万,1272,2.5万
篮坛荣光,竞技同人,61.9万,49,2.5万
格物,奇幻玄幻,28.5万,3149,2.5万
噬妖者,奇幻玄幻,198.4万,1292,2.5万
秦臣,历史军事,66.4万,1184,2.5万
神乱七界,奇幻玄幻,58.1万,1191,2.5万
武帝归来做保安,都市娱乐,47.4万,1,2.5万
风水大相师,悬疑灵异,42.3万,741,2.5万
幻想世界抽奖之旅,科幻游戏,107.8万,331,2.5万
僵约之道法自然,竞技同人,39.4万,235,2.5万
为什么要杀自己,奇幻玄幻,53.4万,2612,2.5万
天剑人皇,奇幻玄幻,11.2万,2069,2.5万
总裁霸爱小娇妻,都市娱乐,31,0,2.5万
破晓的战旗,奇幻玄幻,58.6万,969,2.5万
网游之代理死神,科幻游戏,79.2万,384,2.5万
天呐我被光击中了,武侠仙侠,10.6万,1952,2.5万
飞剑斩天,武侠仙侠,138.8万,513,2.5万
南陈衰亡录,历史军事,97.5万,1,2.5万
棋门术士,奇幻玄幻,135.3万,2171,2.5万
我的恐怖书店,悬疑灵异,53.7万,408,2.4万
龙神狂婿,都市娱乐,46.2万,188,2.4万
我在异界当乞丐,奇幻玄幻,17.1万,120,2.4万
世界又又又毁灭了,科幻游戏,200.8万,3164,2.4万
剑耀诸天万界,武侠仙侠,22.2万,35,2.4万
天命神相,都市娱乐,60.5万,6,2.4万
全职戏精,都市娱乐,68.6万,5870,2.4万
我不想杀成神啊,奇幻玄幻,136.1万,999,2.4万
魔道主宰,奇幻玄幻,100.1万,1946,2.4万
我的老公有点狗,都市娱乐,8142,0,2.4万
万古血魔,武侠仙侠,59.5万,2239,2.4万
天域之轩辕大陆,奇幻玄幻,2.2万,114,2.4万
狂婿出山,都市娱乐,52.7万,32,2.4万
帝国兴衰,历史军事,43.0万,40,2.4万
异类名单,悬疑灵异,130.0万,651,2.4万
星际龙魔,科幻游戏,270.8万,347,2.4万
奶爸导演,都市娱乐,27.8万,241,2.4万
镇狱界神,奇幻玄幻,42.0万,1410,2.4万
破晓之刺,奇幻玄幻,28.1万,1183,2.4万
地狱重生,奇幻玄幻,44.0万,190,2.4万
刀剑之无尽黑暗,二次元,43.9万,491,2.4万
精灵开拓者,二次元,39.4万,6,2.4万
技能掠夺者,二次元,33.7万,353,2.4万
半吊子的道士,武侠仙侠,58.4万,1448,2.4万
天才赘婿,都市娱乐,18.5万,1015,2.4万
得分之王,竞技同人,32.7万,17,2.4万
一世道祖,奇幻玄幻,119.9万,887,2.4万
我在仙侠世界当厨神,奇幻玄幻,48.6万,156,2.4万
仙穹大主宰,奇幻玄幻,1.2万,1614,2.4万
真香警告,二次元,194.7万,470,2.4万
红楼梦公子,历史军事,12.1万,95,2.4万
关于我转生成蛇的那件事,二次元,94.7万,205,2.4万
邪神通天,奇幻玄幻,62.8万,366,2.4万
我是异界大导演,都市娱乐,14.4万,1713,2.4万
仙尊重生回归都市,都市娱乐,19.7万,709,2.4万
弑魂传,奇幻玄幻,30.6万,1264,2.4万
反派演绎者,悬疑灵异,126.0万,704,2.4万
修道万古如长夜,奇幻玄幻,5.0万,2260,2.4万
近战氪金法师,奇幻玄幻,178.9万,1641,2.4万
寂灭世界,二次元,16.4万,2124,2.4万
乾坤武神,奇幻玄幻,82.4万,90,2.4万
凌霄仙尊,奇幻玄幻,1.9万,297,2.4万
治世小商人,历史军事,95.1万,736,2.4万
电影世界梦行记,科幻游戏,59.2万,1388,2.4万
塔蕴苍穹,奇幻玄幻,11.8万,2649,2.4万
彪悍仙生,奇幻玄幻,77.6万,1630,2.4万
剑破九陆,奇幻玄幻,17.9万,1844,2.4万
夜主咸阳,历史军事,64.9万,3006,2.4万
逐神论,武侠仙侠,86.5万,1987,2.4万
异界享受系统,奇幻玄幻,17.2万,915,2.4万
苍凌之巅,奇幻玄幻,15.8万,172,2.4万
我把魔法贡献给了国家,都市娱乐,28.9万,37,2.4万
英雄联盟之巅峰十年,竞技同人,84.9万,15,2.4万
游戏具现我乃星辰剑帝,都市娱乐,102.0万,460,2.4万
以杀之名,奇幻玄幻,44.2万,5651,2.4万
一刀封神,武侠仙侠,394.6万,257,2.4万
网游,科幻游戏,148.5万,524,2.4万
善恶有报系统,都市娱乐,124.6万,1053,2.4万
北漠真龙,奇幻玄幻,39.8万,1043,2.4万
古老之风云再起,奇幻玄幻,100.2万,2608,2.4万
修仙是人情世故,武侠仙侠,60.7万,1254,2.4万
我的,都市娱乐,262.7万,139,2.4万
穿越诸天万界从器灵开始,竞技同人,2682,0,2.4万
我有一个随身田园系统,都市娱乐,126.5万,57,2.4万
执剑纵长歌,武侠仙侠,63.8万,536,2.4万
我在好莱坞当大佬,都市娱乐,56.3万,1444,2.4万
汴京上元局,历史军事,19.3万,3243,2.4万
星空战纪,科幻游戏,91.4万,32,2.4万
楚阁,历史军事,78.4万,110,2.4万
一剑孤行,武侠仙侠,2.3万,668,2.4万
被迫当赘婿,都市娱乐,0,200,2.4万
我把世界背到了身上,奇幻玄幻,11.2万,29,2.4万
异世箭主,奇幻玄幻,71.3万,699,2.4万
我的初恋小傲娇,都市娱乐,59.0万,69,2.4万
末世团体,科幻游戏,20.2万,1827,2.4万
英雄天路,奇幻玄幻,183.8万,4212,2.4万
我被女孩子们欺负的日子,奇幻玄幻,12.2万,962,2.4万
武装觉醒,都市娱乐,82.1万,453,2.4万
逐鹿从战国开始,历史军事,106.1万,2719,2.4万
天道疏星,武侠仙侠,122.4万,623,2.4万
夫子又挨雷劈了,武侠仙侠,19.2万,1798,2.3万
暗黑西行传,奇幻玄幻,13.9万,1.1万,2.3万
影视之旅,竞技同人,46.3万,284,2.3万
三界盲盒系统,都市娱乐,19.3万,256,2.3万
我能无限升级,奇幻玄幻,51.6万,304,2.3万
宝可梦,二次元,81.5万,1496,2.3万
极端灵异,悬疑灵异,1.7万,67,2.3万
我的异界修仙宗门,奇幻玄幻,47.9万,258,2.3万
不古,奇幻玄幻,25.1万,1988,2.3万
一步升天,武侠仙侠,51.7万,8094,2.3万
大佬的退休生活,都市娱乐,31.2万,150,2.3万
随身带着一块灵田,都市娱乐,36.7万,0,2.3万
迷径,悬疑灵异,39.7万,1.1万,2.3万
龙印巫师,奇幻玄幻,0,718,2.3万
都市之仙帝重生,都市娱乐,10.7万,29,2.3万
贼王修真,武侠仙侠,83.6万,3640,2.3万
虎贲巾帼传,历史军事,66.4万,1756,2.3万
鹿冢,奇幻玄幻,83.4万,1457,2.3万
逆世混沌决,奇幻玄幻,45.4万,754,2.3万
锦衣捕快,历史军事,43.6万,59,2.3万
万劫归墟,奇幻玄幻,140.4万,5144,2.3万
重生纨绔太子,历史军事,16.9万,54,2.3万
三国之极品家奴,历史军事,6375,0,2.3万
不死剑体诀,奇幻玄幻,6.9万,2553,2.3万
踏运易天,武侠仙侠,65.7万,1170,2.3万
江湖娱乐圈,武侠仙侠,159.0万,438,2.3万
倒霉邪君,奇幻玄幻,65.5万,521,2.3万
白日下的刺客,武侠仙侠,291.6万,756,2.3万
灵尊帝圣,奇幻玄幻,128.0万,1549,2.3万
九州谪仙录,奇幻玄幻,252.5万,9,2.3万
仁剑当道,武侠仙侠,244.4万,590,2.3万
万古武仙,奇幻玄幻,65.6万,854,2.3万
科技世界里的术士,科幻游戏,137.6万,423,2.3万
九指剑仙,武侠仙侠,62.9万,593,2.3万
我有一剑破青天,奇幻玄幻,78.0万,415,2.3万
少将军三国行,历史军事,64.0万,2754,2.3万
我在都市当灵探,悬疑灵异,48.4万,871,2.3万
大唐第一福星,历史军事,17.0万,297,2.3万
听天令,悬疑灵异,67.0万,1104,2.3万
九婴神决,奇幻玄幻,7.3万,2126,2.3万
天鹰圣君,奇幻玄幻,75.7万,1.5万,2.3万
赋世逍遥曲,武侠仙侠,298.6万,153,2.3万
莫问天高,奇幻玄幻,44.8万,2450,2.3万
最强进化王,科幻游戏,165.3万,8,2.3万
契约虫子,二次元,90.6万,171,2.3万
六道天神,奇幻玄幻,20.8万,105,2.3万
逐鹿,历史军事,43.8万,101,2.3万
化龙妖帝,武侠仙侠,63.1万,121,2.3万
网游之局中局,科幻游戏,188.0万,484,2.3万
武逆废材,奇幻玄幻,141.8万,7045,2.3万
血破长天,奇幻玄幻,147.1万,79,2.3万
变身,二次元,2.8万,80,2.3万
牧歌亡灵,奇幻玄幻,0,7,2.3万
剑气纵横三万里,奇幻玄幻,3.9万,2760,2.3万
末法九州,奇幻玄幻,11.0万,1972,2.3万
圣手侠医,都市娱乐,68.9万,1537,2.3万
天狐王传说,奇幻玄幻,43.8万,3457,2.3万
燕越尊上,历史军事,14.2万,1492,2.3万
梵音传,奇幻玄幻,10.5万,2247,2.3万
天地囚徒,奇幻玄幻,49.0万,1510,2.3万
珂云路遥,武侠仙侠,130.7万,2567,2.3万
龙回汉末,历史军事,13.3万,1612,2.3万
修仙赘婿,都市娱乐,346.4万,707,2.3万
再世修仙,都市娱乐,45.0万,180,2.3万
诸天之我是大前辈,科幻游戏,52.8万,1,2.3万
万界军武商,科幻游戏,118.4万,389,2.3万
摸金异闻录,悬疑灵异,19.3万,100,2.3万
极致灵气,奇幻玄幻,166.3万,2152,2.3万
从部落开始崛起,科幻游戏,110.2万,230,2.3万
争天命,奇幻玄幻,100.3万,430,2.3万
末世不死者,科幻游戏,41.7万,845,2.3万
你玩过联盟么,科幻游戏,125.4万,52,2.3万
剑主江湖,武侠仙侠,195.7万,1560,2.3万
火影我是葫芦娃人柱力,二次元,181.5万,29,2.3万
龙遨漫威,竞技同人,50.2万,4173,2.3万
我喜欢的女孩子们,都市娱乐,162.0万,3752,2.3万
我想当反派,奇幻玄幻,10.3万,0,2.3万
东丘,武侠仙侠,314.7万,1659,2.3万
九霄剑图,武侠仙侠,38.5万,1456,2.3万
召唤王者系统,奇幻玄幻,52.9万,211,2.3万
逆道蛮徒,奇幻玄幻,190.4万,846,2.3万
纪元教主,科幻游戏,73.5万,181,2.3万
没有神的时代,奇幻玄幻,44.5万,2217,2.3万
梦回二十一年前,都市娱乐,53.4万,872,2.3万
没想到我重生了,都市娱乐,37.0万,81,2.2万
仙道觅长生,奇幻玄幻,57.3万,3195,2.3万
纵横影视当大佬,科幻游戏,85.4万,474,2.2万
帝国之刃,奇幻玄幻,4.4万,0,2.2万
我怎么就不能飞升,都市娱乐,98.1万,345,2.2万
火影,二次元,78.6万,231,2.2万
寄生虫,都市娱乐,24.8万,1570,2.2万
最强战神回归,都市娱乐,47.3万,87,2.2万
元宇宙之末日行者,科幻游戏,24.1万,870,2.2万
仙道武炼,奇幻玄幻,272.0万,305,2.2万
系统带我逆天而行,都市娱乐,229.3万,131,2.2万
都市穿越反派富二代,都市娱乐,2858,0,2.2万
玄界修罗战神,奇幻玄幻,30.5万,2034,2.2万
天墟浩劫,奇幻玄幻,29.9万,1682,2.2万
网游之乱武三国,科幻游戏,113.0万,100,2.2万
直播,都市娱乐,94.8万,67,2.2万
霸天乐神,奇幻玄幻,0,20,2.2万
三分萧萧,奇幻玄幻,330.7万,103,2.2万
猎杀乾隆盛世,历史军事,47.2万,587,2.2万
拳霄万道,奇幻玄幻,66.1万,1011,2.2万
一念成佛录,武侠仙侠,13.3万,1842,2.2万
凡骨,武侠仙侠,6112,1,2.2万
废土生存手册,科幻游戏,66.6万,1857,2.2万
明砖,历史军事,84.8万,874,2.2万
老子是奥特曼,二次元,26.5万,66,2.2万
龙珠之终极赛亚人,竞技同人,15.4万,7,2.2万
黑拳世界,都市娱乐,39.0万,4171,2.2万
大雍一小兵,历史军事,65.9万,128,2.2万
都市之凛冽仙尊,都市娱乐,38.9万,1957,2.2万
我真不是弯的,奇幻玄幻,18.0万,4267,2.2万
绝品丹尊,奇幻玄幻,125.8万,19,2.2万
大世风云,历史军事,38.4万,1319,2.2万
夺天之主,奇幻玄幻,82.0万,57,2.2万
九悲,奇幻玄幻,4.0万,1061,2.2万
苍穹之脊,奇幻玄幻,60.5万,364,2.2万
寒火记,奇幻玄幻,28.0万,1728,2.2万
仙岳,武侠仙侠,32.0万,429,2.2万
超级军事承包商,历史军事,54.7万,240,2.2万
我那中二的正义感,悬疑灵异,26.8万,2872,2.2万
魔法为道,奇幻玄幻,52.1万,5887,2.2万
所亡,奇幻玄幻,15.6万,554,2.2万
问剑青天,武侠仙侠,148.0万,594,2.2万
综漫之白学现场,二次元,27.6万,9,2.2万
穿越者系统竭诚为您服务,奇幻玄幻,50.9万,1613,2.2万
凶手的独白,悬疑灵异,14.8万,1359,2.2万
神裁,奇幻玄幻,111.2万,736,2.2万
九幽疯魔系统,奇幻玄幻,19.1万,6527,2.2万
重生之芯片大亨,都市娱乐,13.2万,3108,2.2万
灾星日记,武侠仙侠,26.2万,7,2.2万
穿越者清除计划,奇幻玄幻,77.8万,978,2.2万
天龙八部续之风云再起,武侠仙侠,0,1726,2.2万
神仰,科幻游戏,29.8万,1454,2.2万
超品书生,历史军事,11.8万,1032,2.2万
风雪夜将行,武侠仙侠,6.8万,1596,2.2万
横生,武侠仙侠,97.4万,6291,2.2万
都市青龙,都市娱乐,1.4万,321,2.2万
都市之超感医生,都市娱乐,91.4万,75,2.2万
玄黄仙尊,奇幻玄幻,109.2万,327,2.2万
天地觉醒,奇幻玄幻,58.9万,8844,2.2万
大商王朝,历史军事,88.6万,1867,2.2万
都市混沌空间,奇幻玄幻,8.4万,207,2.2万
剑问九重天,奇幻玄幻,171.6万,358,2.2万
九州仙,武侠仙侠,119.2万,177,2.2万
忽悠世界为我打工,科幻游戏,172.2万,39,2.2万
大圣君,奇幻玄幻,60.8万,1272,2.2万
风起和安,武侠仙侠,192.1万,2415,2.2万
夏颜,奇幻玄幻,10.0万,8,2.2万
我就是个开挖掘机的,都市娱乐,46.5万,379,2.2万
苏氏少帅,都市娱乐,94.6万,406,2.2万
网游之生命星球模拟器,科幻游戏,278.1万,111,2.2万
万仙成尊,武侠仙侠,48.2万,826,2.2万
我复苏成僵,武侠仙侠,44.2万,1668,2.2万
末日天尊,科幻游戏,66.1万,415,2.2万
撼世龙吟,奇幻玄幻,114.2万,1911,2.2万
扬锋汉起,历史军事,49.7万,2605,2.2万
回到明末建基地,历史军事,20.9万,11,2.2万
一个蓉漂的崛起,都市娱乐,57.7万,899,2.2万
炼体专家,都市娱乐,55.0万,259,2.2万
刀剑笙歌,武侠仙侠,178.3万,2298,2.2万
史上最低调富二代,都市娱乐,17.3万,38,2.2万
噬神纪,奇幻玄幻,2.0万,161,2.2万
渡厄,武侠仙侠,34.3万,924,2.2万
我和世界五五开,奇幻玄幻,217.2万,49,2.2万
渔夫,科幻游戏,2.3万,254,2.2万
并非阳光,悬疑灵异,5.2万,271,2.2万
天子霸业,历史军事,48.3万,510,2.2万
诡案人生,悬疑灵异,12.0万,1013,2.2万
霸道总裁养成计划,都市娱乐,69.6万,139,2.2万
我在火影当厨子,二次元,127.0万,5,2.2万
鬼摸山,悬疑灵异,92.7万,329,2.2万
冥神纪,奇幻玄幻,79.7万,389,2.2万
穿越三国当皇帝,历史军事,21.1万,4,2.2万
岂是蓬蒿,武侠仙侠,241.2万,3904,2.2万
远乡的食客,历史军事,39.2万,2488,2.2万
雄魏,历史军事,61.7万,758,2.2万
重生之游戏帝国,都市娱乐,68.5万,206,2.2万
末世之异能觉醒,科幻游戏,32.7万,39,2.2万
重启,都市娱乐,46.0万,252,2.2万
开局吃出最强纹章系统,奇幻玄幻,68.4万,769,2.2万
天下第一鉴,都市娱乐,40.5万,10,2.2万
天地共尊,武侠仙侠,19.4万,977,2.2万
黎明启示,科幻游戏,106.0万,433,2.1万
最强魂武者系统,都市娱乐,98.2万,2109,2.1万
永世宇主,奇幻玄幻,74.1万,1501,2.1万
商与佛,历史军事,76.8万,3598,2.1万
无敌江湖录,武侠仙侠,5.6万,1359,2.1万
苍黎耀世,奇幻玄幻,34.2万,1363,2.1万
生财有盗,奇幻玄幻,51.1万,248,2.1万
异界探花系统,奇幻玄幻,83.8万,407,2.1万
我在诸天世界无限模拟,奇幻玄幻,40.8万,58,2.1万
吞噬星空之系统,科幻游戏,2821,0,2.1万
混乱制裁者,奇幻玄幻,23.6万,3055,2.1万
月下星魂山河路,奇幻玄幻,66.2万,1841,2.1万
走一遭这江湖,奇幻玄幻,79.8万,2345,2.1万
巨星特工,都市娱乐,62.0万,44,2.1万
神炎灭世,奇幻玄幻,199.0万,205,2.1万
踏雪负剑归,武侠仙侠,19.4万,2948,2.1万
盛唐玄甲,历史军事,41.8万,333,2.1万
大隋争龙,历史军事,35.2万,398,2.1万
兵王回归之勇闯都市,都市娱乐,80.3万,145,2.1万
我的属性修改器,科幻游戏,71.4万,181,2.1万
我成了反派,都市娱乐,1.7万,2,2.1万
重生之洒脱人生,都市娱乐,35.6万,30,2.1万
梦蝶仙枭,武侠仙侠,130.1万,714,2.1万
异仙御灵诀,奇幻玄幻,11.7万,3020,2.1万
神武战皇,奇幻玄幻,81.8万,34,2.1万
燃血皇冠,奇幻玄幻,21.9万,1201,2.1万
洪炉之主,奇幻玄幻,35.7万,377,2.1万
都市之超品驱魔师,都市娱乐,10.7万,2165,2.1万
我穷的只剩颜值了,都市娱乐,20.1万,17,2.1万
古药谜踪,悬疑灵异,46.6万,3824,2.1万
闲婿,都市娱乐,109.6万,34,2.1万
初唐小卒,历史军事,72.9万,545,2.1万
西施外传,奇幻玄幻,17.1万,3,2.1万
都市之最强高手,都市娱乐,16.9万,2,2.1万
苍鸿道途,奇幻玄幻,162.0万,308,2.1万
太昊,武侠仙侠,48.1万,846,2.1万
作弊领主,历史军事,40.2万,440,2.1万
带着系统的大剑仙,武侠仙侠,101.2万,164,2.1万
醉回大唐,历史军事,5.7万,1564,2.1万
万里苍穹万里剑,武侠仙侠,39.5万,3178,2.1万
我只能活,都市娱乐,130.3万,1,2.1万
神是我的好朋友,都市娱乐,35.4万,2228,2.1万
街机达人异界为尊,科幻游戏,57.3万,552,2.1万
大清医神,历史军事,58.0万,722,2.1万
青木传,武侠仙侠,24.2万,1437,2.1万
最强的宗主,奇幻玄幻,77.6万,157,2.1万
陵山,奇幻玄幻,16.1万,4469,2.1万
仙道长途,武侠仙侠,39.3万,442,2.1万
靖天监,历史军事,76.3万,1289,2.1万
末世卡牌师,科幻游戏,117.8万,347,2.1万
青岚宗,奇幻玄幻,13.9万,1332,2.1万
谪天三尺,历史军事,9.9万,918,2.1万
天界丹神,奇幻玄幻,123.2万,1202,2.1万
崛起修行录,武侠仙侠,129.7万,1060,2.1万
万古邪仙,武侠仙侠,34.5万,918,2.1万
我真的不想引人注目啊,武侠仙侠,75.6万,9,2.1万
计天下,武侠仙侠,12.8万,2761,2.1万
重生之绝世狂神,都市娱乐,90.4万,52,2.1万
西洲缥缈城,奇幻玄幻,43.8万,1512,2.1万
银河修真传,武侠仙侠,190.5万,2128,2.1万
天道叫我做海王,武侠仙侠,21.2万,1277,2.1万
三国大乱斗,历史军事,137.9万,640,2.1万
杀戮岛屿,科幻游戏,107.7万,29,2.1万
将城,武侠仙侠,43.2万,1200,2.1万
银河漂流重生,科幻游戏,11.5万,1374,2.1万
足坛掌门人,竞技同人,12.9万,1462,2.1万
青玄剑仙,奇幻玄幻,76.1万,541,2.1万
九龙战神,奇幻玄幻,69.1万,314,2.1万
我成了魔教圣女的猫,奇幻玄幻,1.8万,0,2.1万
魔王救世主,二次元,29.6万,1556,2.1万
从方舟开始的剑仙之路,二次元,48.2万,20,2.1万
星耀最强仙帝,都市娱乐,59.6万,17,2.1万
天玄仙君,奇幻玄幻,11.1万,885,2.1万
狂医下山,都市娱乐,16.6万,46,2.1万
天道赘婿,奇幻玄幻,33.4万,4857,2.1万
脱贫修仙,都市娱乐,49.4万,870,2.1万
问剑苍生,武侠仙侠,66.9万,695,2.1万
火影之天狗,二次元,97.8万,542,2.1万
梦境异闻录,悬疑灵异,146.4万,1151,2.1万
神狱行者,奇幻玄幻,31.2万,1888,2.1万
初法时代,奇幻玄幻,84.8万,1505,2.1万
争虚,奇幻玄幻,47.4万,1315,2.1万
剑尊传奇,武侠仙侠,33.3万,854,2.1万
无限之夺命,科幻游戏,49.4万,1369,2.1万
笑神鉴,奇幻玄幻,16.0万,1571,2.1万
领主,科幻游戏,78.1万,115,2.1万
穿越末法时代,奇幻玄幻,40.9万,796,2.1万
极品杀手回都市,都市娱乐,47.7万,97,2.0万
万界争霸之人族崛起,武侠仙侠,136.9万,1511,2.0万
咸鱼至尊的平淡生活,奇幻玄幻,18.6万,2253,2.0万
我是孙少平,竞技同人,2.7万,13,2.0万
妖帝青泽,奇幻玄幻,51.2万,1491,2.0万
霸府,历史军事,28.3万,792,2.0万
谋定江山,历史军事,91.8万,435,2.0万
乱世龙帝录,奇幻玄幻,7.6万,293,2.0万
我的仙子女友,都市娱乐,5.1万,3,2.0万
电子竞技荣耀之役,竞技同人,99.8万,1446,2.0万
叫你一声大师兄,奇幻玄幻,119.1万,2098,2.0万
弑神修罗王,都市娱乐,35.4万,1035,2.0万
逆世刀徒,武侠仙侠,15.5万,1922,2.0万
这系统不一般,奇幻玄幻,18.4万,1607,2.0万
我即神明,奇幻玄幻,10.1万,2352,2.0万
变种仙王,奇幻玄幻,72.4万,1660,2.0万
股份的哀伤,奇幻玄幻,61.4万,27,2.0万
修仙,奇幻玄幻,32.8万,3980,2.0万
开局终极武力系统,奇幻玄幻,89.0万,583,2.0万
随身一个角斗场,科幻游戏,62.1万,533,2.0万
武穹之下,奇幻玄幻,76.5万,1227,2.0万
降魔小郎中,武侠仙侠,16.2万,1189,2.0万
山海道主,奇幻玄幻,124.4万,833,2.0万
剑尔,武侠仙侠,44.6万,120,2.0万
至圣冥君,奇幻玄幻,30.8万,1898,2.0万
我有座随身洞府,奇幻玄幻,103.9万,1,2.0万
鸿图大业,都市娱乐,63.4万,137,2.0万
激战千年,科幻游戏,54.9万,901,2.0万
奇遇原始人,武侠仙侠,4885,0,2.0万
御剑盖世,奇幻玄幻,64.4万,324,2.0万
七生王座,悬疑灵异,12.2万,212,2.0万
大宋之光,历史军事,96.5万,711,2.0万
我在都市开仙门,武侠仙侠,58.6万,1581,2.0万
立教称祖,奇幻玄幻,41.0万,716,2.0万
明末血泪,历史军事,55.6万,64,2.0万
太古神魔之主,奇幻玄幻,139.1万,1131,2.0万
第三降临,悬疑灵异,68.9万,389,2.0万
不败热血,都市娱乐,67.7万,145,2.0万
天诣,奇幻玄幻,9.8万,712,2.0万
萨满石,奇幻玄幻,42,0,2.0万
阿花,都市娱乐,21.3万,1,2.0万
异仙神帝,奇幻玄幻,91.0万,2217,2.0万
修仙长路,武侠仙侠,25.8万,1,2.0万
改赤红之瞳,竞技同人,41.5万,336,2.0万
盗天,都市娱乐,53.5万,72,2.0万
铸剑师的修炼手册,科幻游戏,69.4万,465,2.0万
帝临赋,奇幻玄幻,8.5万,1822,2.0万
我在末世有座城,科幻游戏,34.5万,382,2.0万
火影之夜神,二次元,25.3万,14,2.0万
武侠,武侠仙侠,60.0万,623,2.0万
纵横道仙,武侠仙侠,82.8万,2196,2.0万
一剑遮天,奇幻玄幻,35.2万,3113,2.0万
体修至尊,奇幻玄幻,3298,1,2.0万
跨越时空的故事,奇幻玄幻,21.0万,7512,2.0万
灵气复苏,科幻游戏,22.8万,1287,2.0万
仙侠公子道,武侠仙侠,9368,1.7万,2.0万
我能百分百预判危险,科幻游戏,126.5万,9468,2.0万
天道博物馆,都市娱乐,36.9万,995,2.0万
暗月之途,武侠仙侠,48.9万,1716,2.0万
女总裁的下山高手,都市娱乐,20.2万,160,2.0万
武度苍生,奇幻玄幻,39.1万,356,2.0万
穿梭魂器,科幻游戏,133.7万,1165,2.0万
重生之悠闲人生,都市娱乐,30.0万,238,2.0万
第五次全球文明,科幻游戏,31.0万,227,2.0万
仙路永痕,奇幻玄幻,66.4万,1566,2.0万
古天剑决,奇幻玄幻,91.8万,667,2.0万
都市逍遥狂尊,都市娱乐,54.4万,287,2.0万
缘来誓你,都市娱乐,1.7万,0,2.0万
荒原猎狩,科幻游戏,4,774,2.0万
虚构魔法,奇幻玄幻,285.3万,38,2.0万
开局一颗精灵树,奇幻玄幻,65.8万,711,2.0万
帝逆天行,奇幻玄幻,3.6万,2096,2.0万
天神抚我顶,奇幻玄幻,70.3万,1863,2.0万
傲娇神探,悬疑灵异,4.8万,0,2.0万
这是家黑店,奇幻玄幻,38.1万,150,2.0万
我老婆的女皇梦,都市娱乐,144.9万,504,2.0万
我的兄弟来自宋朝,都市娱乐,97.2万,2604,2.0万
末路不孤,科幻游戏,88.9万,1502,2.0万
怪物餐厅,奇幻玄幻,148.1万,347,2.0万
正确的重生指南,都市娱乐,44.8万,12,2.0万
我是岳灵珊,武侠仙侠,16.8万,0,2.0万
都市最强魔帝,都市娱乐,44.5万,337,2.0万
一剑万道开,武侠仙侠,76.3万,383,2.0万
极品女友的贴身高手,都市娱乐,5.7万,39,2.0万
死神黑线,科幻游戏,205.6万,1673,2.0万
劫掠天下,科幻游戏,85.6万,1854,2.0万
重生之创世神尊,奇幻玄幻,32.6万,1429,2.0万
轮回天河,奇幻玄幻,72.1万,2.0万,2.0万
我的高武能开挂,奇幻玄幻,28.6万,168,2.0万
绝命游戏,奇幻玄幻,33.7万,34,2.0万
星际舰队,科幻游戏,35.3万,506,2.0万
超品小神医,都市娱乐,204.0万,72,2.0万
骑士武装系统,二次元,131.3万,5066,2.0万
吾道求孤,武侠仙侠,21.6万,3447,2.0万
谛仙劫,武侠仙侠,335.1万,1744,2.0万
逆天邪神云锋传,竞技同人,1.7万,5,2.0万
带着熊猫去修仙,武侠仙侠,34.7万,1639,2.0万
剑仙真迹,武侠仙侠,47.5万,458,2.0万
傲绝苍穹,武侠仙侠,49.9万,1253,2.0万
如何做一块合格的垫脚石,奇幻玄幻,131.0万,454,2.0万
我还真是救世主,都市娱乐,112.0万,1161,2.0万
北辰刀,武侠仙侠,14.8万,375,2.0万
仙道长明,奇幻玄幻,101.2万,3056,2.0万
醉酒梦长生,武侠仙侠,464.4万,1831,2.0万
尸墓语,悬疑灵异,82.2万,1552,2.0万
火影叛忍卡卡西,二次元,38.0万,141,2.0万
剑杀,武侠仙侠,4.9万,1354,2.0万
向天借道万万年,武侠仙侠,21.6万,1498,2.0万
江山无恨,历史军事,50.3万,684,2.0万
万妖宝录,奇幻玄幻,110.0万,409,2.0万
明末新帝王,历史军事,43.1万,1,2.0万
赘婿王者归来,都市娱乐,13.2万,344,2.0万
我的老婆是蛇妖,悬疑灵异,94.4万,47,2.0万
陨落边缘,科幻游戏,51.0万,1343,1.9万
都市,都市娱乐,44.4万,317,1.9万
九鼎风云志,历史军事,92.0万,1433,1.9万
不灭阴阳图,武侠仙侠,59.3万,3929,1.9万
仙帝独尊,奇幻玄幻,4.1万,2067,1.9万
